<?xml version="1.0" encoding="UTF-8" standalone="no"?>
<Entities>
<DataShapes>
<DataShape aspect.isExtension="true" baseDataShape="" description="Views" documentationContent="Annotations, Viewstates" name="Views" tags="">
<FieldDefinitions>
<FieldDefinition baseType="STRING" description="" name="name" ordinal="1"/>
<FieldDefinition baseType="STRING" description="" name="type" ordinal="2"/>
<FieldDefinition baseType="STRING" description="" name="value" ordinal="3"/>
</FieldDefinitions>
</DataShape>
</DataShapes>
</Entities>