<?xml version="1.0" encoding="UTF-8" standalone="no"?>
<Entities>
    <ExtensionPackages>
        <ExtensionPackage dependsOn="" description="" minimumThingWorxVersion="8.4.0" name="ServerFileDownload" packageVersion="1.0.9" vendor="">
            <JarResources>
                <FileResource description="" file="serverfiledownload.jar" type="JAR"/>
            </JarResources>
        </ExtensionPackage>
    </ExtensionPackages>
    <Resources>
        <Resource aspect.isCreatable="false" aspect.isEditableExtensionObject="false" className="com.ptc.rein.ServerFileDownload" description="" name="ServerFileDownload"/>
    </Resources>
</Entities>
